{"cameraMode":{"drawMode":0,"name":"Shaded","section":"Shading Mode"},"sceneLighting":false,"audioPlay":false,"sceneViewState":{"showFog":true,"showMaterialUpdate":false,"showSkybox":false,"showFlares":true,"showImageEffects":true,"showParticleSystems":true},"in2DMode":false,"pivot":{"x":1.7216254472732545,"y":0.6494697332382202,"z":1.124901533126831},"rotation":{"x":-0.040341202169656757,"y":0.9571749567985535,"z":-0.16441787779331208,"w":-0.23485220968723298},"size":7.04880428314209,"orthographic":false}