{"cameraMode":{"drawMode":0,"name":"Shaded","section":"Shading Mode"},"sceneLighting":false,"audioPlay":false,"sceneViewState":{"showFog":true,"showMaterialUpdate":false,"showSkybox":false,"showFlares":true,"showImageEffects":true,"showParticleSystems":true},"in2DMode":false,"pivot":{"x":3.336153030395508,"y":-4.131980895996094,"z":12.556642532348633},"rotation":{"x":-0.1324494481086731,"y":0.867388129234314,"z":-0.3480701446533203,"w":-0.33006393909454348},"size":32.76455307006836,"orthographic":false}