{"cameraMode":{"drawMode":0,"name":"Shaded","section":"Shading Mode"},"sceneLighting":false,"audioPlay":false,"sceneViewState":{"showFog":true,"showMaterialUpdate":false,"showSkybox":false,"showFlares":true,"showImageEffects":true,"showParticleSystems":true},"in2DMode":false,"pivot":{"x":0.7172580361366272,"y":1.0670478343963624,"z":0.07148401439189911},"rotation":{"x":0.0035956804640591146,"y":0.8809440732002258,"z":-0.006694290321320295,"w":0.47315943241119387},"size":2.9093480110168459,"orthographic":false}