{"cameraMode":{"drawMode":0,"name":"Shaded","section":"Shading Mode"},"sceneLighting":false,"audioPlay":false,"sceneViewState":{"showFog":true,"showMaterialUpdate":false,"showSkybox":false,"showFlares":true,"showImageEffects":true,"showParticleSystems":true},"in2DMode":false,"pivot":{"x":0.022985458374023439,"y":0.8031206130981445,"z":0.11798727512359619},"rotation":{"x":-0.030249524861574174,"y":-0.6704701781272888,"z":0.02737727388739586,"w":-0.7408139109611511},"size":9.941288948059082,"orthographic":false}