{"cameraMode":{"drawMode":0,"name":"Shaded","section":"Shading Mode"},"sceneLighting":false,"audioPlay":false,"sceneViewState":{"showFog":true,"showMaterialUpdate":false,"showSkybox":false,"showFlares":true,"showImageEffects":true,"showParticleSystems":true},"in2DMode":false,"pivot":{"x":0.007203430403023958,"y":0.09003652632236481,"z":0.16071678698062898},"rotation":{"x":-0.030249524861574174,"y":-0.6704701781272888,"z":0.02737727388739586,"w":-0.7408139109611511},"size":1.367408275604248,"orthographic":false}