{"cameraMode":{"drawMode":0,"name":"Shaded","section":"Shading Mode"},"sceneLighting":false,"audioPlay":false,"sceneViewState":{"showFog":true,"showMaterialUpdate":false,"showSkybox":false,"showFlares":true,"showImageEffects":true,"showParticleSystems":true},"in2DMode":false,"pivot":{"x":0.4551759958267212,"y":-1.375929832458496,"z":1.9485478401184083},"rotation":{"x":-0.04802585020661354,"y":0.949894905090332,"z":-0.18378114700317384,"w":-0.2482292801141739},"size":7.048803329467773,"orthographic":false}