{"cameraMode":{"drawMode":0,"name":"Shaded","section":"Shading Mode"},"sceneLighting":false,"audioPlay":false,"sceneViewState":{"showFog":true,"showMaterialUpdate":false,"showSkybox":false,"showFlares":true,"showImageEffects":true,"showParticleSystems":true},"in2DMode":false,"pivot":{"x":2.034621477127075,"y":0.31644678115844729,"z":2.0594139099121095},"rotation":{"x":-0.040341202169656757,"y":0.9571749567985535,"z":-0.16441787779331208,"w":-0.23485220968723298},"size":7.048806667327881,"orthographic":false}