{"cameraMode":{"drawMode":0,"name":"Shaded","section":"Shading Mode"},"sceneLighting":true,"audioPlay":false,"sceneViewState":{"showFog":true,"showMaterialUpdate":false,"showSkybox":false,"showFlares":true,"showImageEffects":true,"showParticleSystems":true},"in2DMode":false,"pivot":{"x":0.06999969482421875,"y":0.46000003814697268,"z":0.12600040435791017},"rotation":{"x":-0.04742695763707161,"y":0.9447184801101685,"z":-0.2832643389701843,"w":-0.15817424654960633},"size":43.47979736328125,"orthographic":false}