{"cameraMode":{"drawMode":0,"name":"Shaded","section":"Shading Mode"},"sceneLighting":false,"audioPlay":false,"sceneViewState":{"showFog":true,"showMaterialUpdate":false,"showSkybox":false,"showFlares":true,"showImageEffects":true,"showParticleSystems":true},"in2DMode":false,"pivot":{"x":0.06132019683718681,"y":1.268897533416748,"z":-0.3368198573589325},"rotation":{"x":0.05309634283185005,"y":0.8882846236228943,"z":-0.1063084676861763,"w":0.4436548054218292},"size":2.3174936771392824,"orthographic":false}